<?xml version="1.0" encoding="utf-8"?>
<!DOCTYPE hibernate-mapping PUBLIC "-//Hibernate/Hibernate Mapping DTD 3.0//EN"
"http://www.hibernate.org/dtd/hibernate-mapping-3.0.dtd">
<!-- 
    Mapping file autogenerated by MyEclipse Persistence Tools
-->
<hibernate-mapping>
    <class name="edu.iit.dao.Books" table="Books" catalog="lms">
        <id name="bookId" type="java.lang.Integer">
            <column name="BookID" />
            <generator class="identity" />
        </id>
        <property name="isbn" type="java.lang.String">
            <column name="ISBN" length="20" not-null="true" />
        </property>
        <property name="title" type="java.lang.String">
            <column name="Title" length="50" not-null="true" />
        </property>
        <property name="author" type="java.lang.String">
            <column name="Author" length="50" not-null="true" />
        </property>
        <property name="publisher" type="java.lang.String">
            <column name="Publisher" length="50" not-null="true" />
        </property>
        <property name="numberOfPages" type="java.lang.Integer">
            <column name="NumberOfPages" not-null="true" />
        </property>
        <property name="cover" type="java.lang.String">
            <column name="Cover" length="50" not-null="true" />
        </property>
        <property name="publicationDate" type="java.sql.Timestamp">
            <column name="PublicationDate" length="19" not-null="true" />
        </property>
        <property name="studio" type="java.lang.String">
            <column name="Studio" length="50" not-null="true" />
        </property>
        <property name="manufactor" type="java.lang.String">
            <column name="Manufactor" length="50" not-null="true" />
        </property>
        <property name="status" type="java.lang.String">
            <column name="Status" length="13" not-null="true" />
        </property>
        <property name="generatedId" type="java.lang.String">
            <column name="GeneratedID" length="30" not-null="true" />
        </property>
        <set name="orderses" inverse="true">
            <key>
                <column name="BookID" not-null="true" />
            </key>
            <one-to-many class="edu.iit.dao.Orders" />
        </set>
        <set name="recommends" inverse="true">
            <key>
                <column name="BookID" not-null="true" />
            </key>
            <one-to-many class="edu.iit.dao.Recommend" />
        </set>
    </class>
</hibernate-mapping>
