<?xml version="1.0" encoding="utf-8"?>
<!DOCTYPE hibernate-mapping PUBLIC "-//Hibernate/Hibernate Mapping DTD 3.0//EN"
"http://www.hibernate.org/dtd/hibernate-mapping-3.0.dtd">
<!-- 
    Mapping file autogenerated by MyEclipse Persistence Tools
-->
<hibernate-mapping>
    <class name="edu.iit.dao.Classes" table="Classes" catalog="lms">
        <id name="classId" type="java.lang.Integer">
            <column name="ClassID" />
            <generator class="identity" />
        </id>
        <property name="section" type="java.lang.Integer">
            <column name="Section" not-null="true" />
        </property>
        <property name="title" type="java.lang.String">
            <column name="Title" length="30" not-null="true" />
        </property>
        <set name="recommends" inverse="true">
            <key>
                <column name="ClassID" not-null="true" />
            </key>
            <one-to-many class="edu.iit.dao.Recommend" />
        </set>
        <set name="teachBies" inverse="true">
            <key>
                <column name="ClassID" not-null="true" />
            </key>
            <one-to-many class="edu.iit.dao.TeachBy" />
        </set>
    </class>
</hibernate-mapping>
