<?xml version="1.0" encoding="utf-8"?>
<!DOCTYPE hibernate-mapping PUBLIC "-//Hibernate/Hibernate Mapping DTD 3.0//EN"
"http://www.hibernate.org/dtd/hibernate-mapping-3.0.dtd">
<!-- 
    Mapping file autogenerated by MyEclipse Persistence Tools
-->
<hibernate-mapping>
    <class name="edu.iit.dao.Orders" table="Orders" catalog="lms">
        <id name="orderId" type="java.lang.Integer">
            <column name="OrderID" />
            <generator class="identity" />
        </id>
        <many-to-one name="books" class="edu.iit.dao.Books" fetch="select">
            <column name="BookID" not-null="true" />
        </many-to-one>
        <many-to-one name="admins" class="edu.iit.dao.Admins" fetch="select">
            <column name="AdminID" not-null="true" />
        </many-to-one>
        <many-to-one name="students" class="edu.iit.dao.Students" fetch="select">
            <column name="StudentID" not-null="true" />
        </many-to-one>
        <property name="checkinDate" type="java.sql.Timestamp">
            <column name="CheckinDate" length="19" not-null="true" />
        </property>
        <property name="checkoutDate" type="java.sql.Timestamp">
            <column name="CheckoutDate" length="19" />
        </property>
        <property name="dueDate" type="java.sql.Timestamp">
            <column name="DueDate" length="19" not-null="true" />
        </property>
        <property name="type" type="java.lang.String">
            <column name="Type" length="8" not-null="true" />
        </property>
        <property name="statues" type="java.lang.String">
            <column name="Statues" length="6" not-null="true" />
        </property>
    </class>
</hibernate-mapping>
