<?xml version="1.0" encoding="utf-8"?>
<!DOCTYPE hibernate-mapping PUBLIC "-//Hibernate/Hibernate Mapping DTD 3.0//EN"
"http://www.hibernate.org/dtd/hibernate-mapping-3.0.dtd">
<!-- 
    Mapping file autogenerated by MyEclipse Persistence Tools
-->
<hibernate-mapping>
    <class name="edu.iit.dao.Parents" table="Parents" catalog="lms">
        <composite-id name="id" class="edu.iit.dao.ParentsId">
            <key-property name="lastName" type="java.lang.String">
                <column name="LastName" length="20" />
            </key-property>
            <key-property name="firstName" type="java.lang.String">
                <column name="FirstName" length="20" />
            </key-property>
            <key-property name="studentId" type="java.lang.Integer">
                <column name="StudentID" />
            </key-property>
        </composite-id>
        <many-to-one name="students" class="edu.iit.dao.Students" update="false" insert="false" fetch="select">
            <column name="StudentID" not-null="true" />
        </many-to-one>
        <property name="address" type="java.lang.String">
            <column name="Address" length="30" />
        </property>
        <property name="moblie" type="java.lang.String">
            <column name="Moblie" length="10" not-null="true" />
        </property>
        <property name="email" type="java.lang.String">
            <column name="Email" length="30" not-null="true" />
        </property>
        <property name="middleName" type="java.lang.String">
            <column name="MiddleName" length="20" />
        </property>
        <property name="relationship" type="java.lang.String">
            <column name="Relationship" length="7" not-null="true" />
        </property>
        <property name="power" type="java.lang.String">
            <column name="Power" length="2" not-null="true" />
        </property>
    </class>
</hibernate-mapping>
