<?xml version="1.0" encoding="utf-8"?>
<!DOCTYPE hibernate-mapping PUBLIC "-//Hibernate/Hibernate Mapping DTD 3.0//EN"
"http://www.hibernate.org/dtd/hibernate-mapping-3.0.dtd">
<!-- 
    Mapping file autogenerated by MyEclipse Persistence Tools
-->
<hibernate-mapping>
    <class name="edu.iit.dao.Recommend" table="Recommend" catalog="lms">
        <composite-id name="id" class="edu.iit.dao.RecommendId">
            <key-property name="bookId" type="java.lang.Integer">
                <column name="BookID" />
            </key-property>
            <key-property name="classId" type="java.lang.Integer">
                <column name="ClassID" />
            </key-property>
        </composite-id>
        <many-to-one name="books" class="edu.iit.dao.Books" update="false" insert="false" fetch="select">
            <column name="BookID" not-null="true" />
        </many-to-one>
        <many-to-one name="classes" class="edu.iit.dao.Classes" update="false" insert="false" fetch="select">
            <column name="ClassID" not-null="true" />
        </many-to-one>
    </class>
</hibernate-mapping>
