<?xml version="1.0" encoding="utf-8"?>
<!DOCTYPE hibernate-mapping PUBLIC "-//Hibernate/Hibernate Mapping DTD 3.0//EN"
"http://www.hibernate.org/dtd/hibernate-mapping-3.0.dtd">
<!-- 
    Mapping file autogenerated by MyEclipse Persistence Tools
-->
<hibernate-mapping>
    <class name="edu.iit.dao.Students" table="Students" catalog="lms">
        <id name="studentId" type="java.lang.Integer">
            <column name="StudentID" />
            <generator class="identity" />
        </id>
        <property name="moblie" type="java.lang.String">
            <column name="Moblie" length="10" />
        </property>
        <property name="address" type="java.lang.String">
            <column name="Address" length="30" />
        </property>
        <property name="power" type="java.lang.String">
            <column name="Power" length="2" not-null="true" />
        </property>
        <property name="lastName" type="java.lang.String">
            <column name="LastName" length="20" not-null="true" />
        </property>
        <property name="middleName" type="java.lang.String">
            <column name="MiddleName" length="20" />
        </property>
        <property name="firstName" type="java.lang.String">
            <column name="FirstName" length="20" not-null="true" />
        </property>
        <property name="birthday" type="java.sql.Timestamp">
            <column name="Birthday" length="19" />
        </property>
        <property name="gender" type="java.lang.String">
            <column name="Gender" length="6" not-null="true" />
        </property>
        <property name="age" type="java.lang.Integer">
            <column name="Age" />
        </property>
        <property name="email" type="java.lang.String">
            <column name="Email" length="20" not-null="true" />
        </property>
        <property name="userId" type="java.lang.String">
            <column name="UserID" length="20" not-null="true" />
        </property>
        <property name="pas" type="java.lang.String">
            <column name="PAS" length="40" />
        </property>
        <set name="orderses" inverse="true">
            <key>
                <column name="StudentID" not-null="true" />
            </key>
            <one-to-many class="edu.iit.dao.Orders" />
        </set>
        <set name="parentses" inverse="true">
            <key>
                <column name="StudentID" not-null="true" />
            </key>
            <one-to-many class="edu.iit.dao.Parents" />
        </set>
        <set name="teacherses" inverse="true">
            <key>
                <column name="StudentID" not-null="true" />
            </key>
            <one-to-many class="edu.iit.dao.Teachers" />
        </set>
    </class>
</hibernate-mapping>
