<?xml version="1.0" encoding="utf-8"?>
<!DOCTYPE hibernate-mapping PUBLIC "-//Hibernate/Hibernate Mapping DTD 3.0//EN"
"http://www.hibernate.org/dtd/hibernate-mapping-3.0.dtd">
<!-- 
    Mapping file autogenerated by MyEclipse Persistence Tools
-->
<hibernate-mapping>
    <class name="edu.iit.dao.Teachers" table="Teachers" catalog="lms">
        <id name="teacherId" type="java.lang.Integer">
            <column name="TeacherID" />
            <generator class="identity" />
        </id>
        <many-to-one name="students" class="edu.iit.dao.Students" fetch="select">
            <column name="StudentID" not-null="true" />
        </many-to-one>
        <property name="lastName" type="java.lang.String">
            <column name="LastName" length="20" not-null="true" />
        </property>
        <property name="moblie" type="java.lang.String">
            <column name="Moblie" length="10" />
        </property>
        <property name="email" type="java.lang.String">
            <column name="Email" length="30" not-null="true" />
        </property>
        <property name="address" type="java.lang.String">
            <column name="Address" length="30" />
        </property>
        <property name="userId" type="java.lang.String">
            <column name="UserID" length="30" not-null="true" />
        </property>
        <property name="firstName" type="java.lang.String">
            <column name="FirstName" length="20" not-null="true" />
        </property>
        <property name="middleName" type="java.lang.String">
            <column name="MiddleName" length="20" />
        </property>
        <property name="power" type="java.lang.String">
            <column name="Power" length="2" not-null="true" />
        </property>
        <property name="pas" type="java.lang.String">
            <column name="PAS" length="40" />
        </property>
        <set name="teachBies" inverse="true">
            <key>
                <column name="TeacherID" not-null="true" />
            </key>
            <one-to-many class="edu.iit.dao.TeachBy" />
        </set>
    </class>
</hibernate-mapping>
